Race Time,Race Name,Prize Money,Distance,Going,Horse Number,Horse Name,Age,Weight,Form,Jockey,Trainer,Sire,Dam,Owner,Official Rating,Topspeed,RPR,RPR Master,Topspeed Master,RPR Master PM,POSTDATA Selection,TOPSPEED Selection,Betting Forecast,Spotlight Verdict,Commentary
12.40,Connolly's RED MILLS Irish EBF Auction Maiden Hurdle (IRE Incentive),"20,000",2m,HEAVY,1,CHAMPAGNE JURY 27,7,11-12t,2120-3,Keith Donoghue,G Cromwell,Jukebox Jury,Miss Knowall,Dochas & Mrs J P Duffy Partnership,124,54,126,126,74,126,No,No,"2/1 Dunleer Crystal, 5/2 Champagne Jury, 9/2 Ifallgoeswell, 11/2 Fabhcun, 9/1 All Night Revival, 12/1 Eagle's Quest, 40/1 Colin's",Champagne Jury could reverse the form with Dunleer Crystal on much deeper ground but IFALLGOESWELL is turned out quickly after being nabbed late on at Thurles on Sunday and should be difficult to reel in down in trip. [Adrian Wall],"Bumper winner in the mud; gave Honesty Policy a contest when runner-up on hurdles debut at Leopardstown in March; good comeback third at Down Royal, headed by runner-up Dunleer Crystal late on; claims."
12.40,Connolly's RED MILLS Irish EBF Auction Maiden Hurdle (IRE Incentive),"20,000",2m,HEAVY,2,IFALLGOESWELL 4,6,11-8,-47422,Philip Byrnes,C Byrnes,Kingston Hill,Dromdeals Princess,Come Home Sober Syndicate,112,98,122,122,98,122,Yes,Yes,"2/1 Dunleer Crystal, 5/2 Champagne Jury, 9/2 Ifallgoeswell, 11/2 Fabhcun, 9/1 All Night Revival, 12/1 Eagle's Quest, 40/1 Colin's",Champagne Jury could reverse the form with Dunleer Crystal on much deeper ground but IFALLGOESWELL is turned out quickly after being nabbed late on at Thurles on Sunday and should be difficult to reel in down in trip. [Adrian Wall],"Placed in three bumpers; last two efforts over hurdles promising, runner-up in Limerick novice (2m3f, soft to heavy) last month and was 2l clear approaching the last when filling the same spot at Thurles (2m4f) on Sunday; drop in trip should be fine."
12.40,Connolly's RED MILLS Irish EBF Auction Maiden Hurdle (IRE Incentive),"20,000",2m,HEAVY,3,COLIN'S FRIEND 27,5,11-6,9-76,Patrick M O'Brien (5),P Downey,Poet's Word,Muzhil,Mrs Marie Foley,,36,104,104,36,104,No,No,"2/1 Dunleer Crystal, 5/2 Champagne Jury, 9/2 Ifallgoeswell, 11/2 Fabhcun, 9/1 All Night Revival, 12/1 Eagle's Quest, 40/1 Colin's",Champagne Jury could reverse the form with Dunleer Crystal on much deeper ground but IFALLGOESWELL is turned out quickly after being nabbed late on at Thurles on Sunday and should be difficult to reel in down in trip. [Adrian Wall],
12.40,Connolly's RED MILLS Irish EBF Auction Maiden Hurdle (IRE Incentive),"20,000",2m,HEAVY,4,EAGLE'S QUEST 27,6,11-6,63-346,Danny Mullins,Ms M Mullins,Wings Of Eagles,Roche D'Or,Jackie Cullen & A D Mullins & Ms Margaret Mullins,,82,115,115,82,115,No,No,"2/1 Dunleer Crystal, 5/2 Champagne Jury, 9/2 Ifallgoeswell, 11/2 Fabhcun, 9/1 All Night Revival, 12/1 Eagle's Quest, 40/1 Colin's",Champagne Jury could reverse the form with Dunleer Crystal on much deeper ground but IFALLGOESWELL is turned out quickly after being nabbed late on at Thurles on Sunday and should be difficult to reel in down in trip. [Adrian Wall],
12.40,Connolly's RED MILLS Irish EBF Auction Maiden Hurdle (IRE Incentive),"20,000",2m,HEAVY,6,LUNAR MAJESTY 25,5,11-5,0,Ross Berry (7),C A Murphy,Order Of St George,Mile From The Moon,Winning Ways Hera Syndicate,,38,58,58,38,58,No,No,"2/1 Dunleer Crystal, 5/2 Champagne Jury, 9/2 Ifallgoeswell, 11/2 Fabhcun, 9/1 All Night Revival, 12/1 Eagle's Quest, 40/1 Colin's",Champagne Jury could reverse the form with Dunleer Crystal on much deeper ground but IFALLGOESWELL is turned out quickly after being nabbed late on at Thurles on Sunday and should be difficult to reel in down in trip. [Adrian Wall],"Order Of St George mare was 42,000euros 3yo but made no impression in a strong 20.5f maiden hurdle at Leopardstown on debut last month."
12.40,Connolly's RED MILLS Irish EBF Auction Maiden Hurdle (IRE Incentive),"20,000",2m,HEAVY,7,ALL NIGHT REVIVAL 62,6,11-4,22,Tiernan Power Roche (3),P Rothwell,Libertarian,Suspended,David L'Estrange & M Stafford,,,,11,22,106,No,No,"2/1 Dunleer Crystal, 5/2 Champagne Jury, 9/2 Ifallgoeswell, 11/2 Fabhcun, 9/1 All Night Revival, 12/1 Eagle's Quest, 40/1 Colin's",Champagne Jury could reverse the form with Dunleer Crystal on much deeper ground but IFALLGOESWELL is turned out quickly after being nabbed late on at Thurles on Sunday and should be difficult to reel in down in trip. [Adrian Wall],Runner-up on sole point-to-point start for Nigel Slevin; beaten a neck in an average-looking bumper for same trainer at Fairyhouse (heavy) in November; has since joined Philip Rothwell; place chance.
12.40,Connolly's RED MILLS Irish EBF Auction Maiden Hurdle (IRE Incentive),"20,000",2m,HEAVY,8,DUNLEER CRYSTAL 27,5,11-4,702,Jack Kennedy,G Elliott,Crystal Ocean,Khirahs Firth,Ms Imelda Mallon,,75,122,122,75,122,No,No,"2/1 Dunleer Crystal, 5/2 Champagne Jury, 9/2 Ifallgoeswell, 11/2 Fabhcun, 9/1 All Night Revival, 12/1 Eagle's Quest, 40/1 Colin's",Champagne Jury could reverse the form with Dunleer Crystal on much deeper ground but IFALLGOESWELL is turned out quickly after being nabbed late on at Thurles on Sunday and should be difficult to reel in down in trip. [Adrian Wall],"Disappointed first two starts, including on heavy; major improvement on latest at Down Royal when runner-up (2m1f, yielding), overcoming bad mistake at the third, pipping Champagne Jury late on; big claims if he handles the ground."
12.40,Connolly's RED MILLS Irish EBF Auction Maiden Hurdle (IRE Incentive),"20,000",2m,HEAVY,9,THEWAYBACKHOME 14,5,11-4,8629,John Shinnick (3),,Valirann,Yourelookinwell,Rebel Deise Syndicate                                                                   T O'Brien,,,36,36,11,36,No,No,"2/1 Dunleer Crystal, 5/2 Champagne Jury, 9/2 Ifallgoeswell, 11/2 Fabhcun, 9/1 All Night Revival, 12/1 Eagle's Quest, 40/1 Colin's",Champagne Jury could reverse the form with Dunleer Crystal on much deeper ground but IFALLGOESWELL is turned out quickly after being nabbed late on at Thurles on Sunday and should be difficult to reel in down in trip. [Adrian Wall],Runner-up in one of his four point-to-point starts; never a factor on rules debut at Clonmel; best watched.
1.10,Adare Manor Opportunity Handicap Hurdle,"15,500",2m71,HEAVY,3,PORTNACOO 56,8,11-8p,P-74PU,Adam Leahy (4),J Hanlon,Morozov,Lady Shanrod,H Smyth,114,93,122,122,93,122,No,No,"11/4 Kingkong Ciergues, 6/1 Joyau De Thaix, 7/1 The Lovely Man, 15/2 Dixie Mafia, 8/1 Well Del, 9/1 West Cork Wildway, 12/1",The form of KINGKONG CIERGUES's decisive Fairyhouse win has worked out really well and he's fancied to defy an 8lb rise. Mudlover and the generally consistent Positive Thinker rates as an each-way alternative. British raider Dixie Mafia is worth a market check. [Adrian Wall],"Four-time hurdles winner; not solid on his form this term, latterly for new yard; unseated rider at Taunton over fences on latest; best form is on better ground than this."
1.10,Adare Manor Opportunity Handicap Hurdle,"15,500",2m71,HEAVY,9,DIXIE MAFIA 33,7,11-1t,4-8525,John Shinnick,,Sholokhov,Midnight Way,Encore Racing                                                                         C Williams (GB),107,117,122,122,117,122,No,Yes,"11/4 Kingkong Ciergues, 6/1 Joyau De Thaix, 7/1 The Lovely Man, 15/2 Dixie Mafia, 8/1 Well Del, 9/1 West Cork Wildway, 12/1",The form of KINGKONG CIERGUES's decisive Fairyhouse win has worked out really well and he's fancied to defy an 8lb rise. Mudlover and the generally consistent Positive Thinker rates as an each-way alternative. British raider Dixie Mafia is worth a market check. [Adrian Wall],"Record of 2-8 in point-to-points; good second at Aintree on handicap hurdle debut (3m, soft); kept on late when 6l fifth of nine at Ascot two weeks later; British trainer's first runner at the track; watch the betting."
1.10,Adare Manor Opportunity Handicap Hurdle,"15,500",2m71,HEAVY,10,WELL DEL 24,8,11-1v,9UP-23,Michael Kenneally (4),D Queally,Court Cave,Mel Del,J P Delaney,107,,122,122,63,122,No,No,"11/4 Kingkong Ciergues, 6/1 Joyau De Thaix, 7/1 The Lovely Man, 15/2 Dixie Mafia, 8/1 Well Del, 9/1 West Cork Wildway, 12/1",The form of KINGKONG CIERGUES's decisive Fairyhouse win has worked out really well and he's fancied to defy an 8lb rise. Mudlover and the generally consistent Positive Thinker rates as an each-way alternative. British raider Dixie Mafia is worth a market check. [Adrian Wall],Won three-runner beginners' chase for Liam O'Brien at Limerick last season; poor form thereafter; second at Fairyhouse on stable debut before creditable third at Leopardstown (both over fences); yet to convince in this sphere.
1.10,Adare Manor Opportunity Handicap Hurdle,"15,500",2m71,HEAVY,15,KINGKONG CIERGUES 62,6,10-12p,4-3421,Tiernan Power Roche,P Rothwell,Robin Du Nord,Caline De Ferbet,Kong Partnership,104,80,120,120,80,120,No,No,"11/4 Kingkong Ciergues, 6/1 Joyau De Thaix, 7/1 The Lovely Man, 15/2 Dixie Mafia, 8/1 Well Del, 9/1 West Cork Wildway, 12/1",The form of KINGKONG CIERGUES's decisive Fairyhouse win has worked out really well and he's fancied to defy an 8lb rise. Mudlover and the generally consistent Positive Thinker rates as an each-way alternative. British raider Dixie Mafia is worth a market check. [Adrian Wall],"Point-to-point winner was rewarded for his consistency over hurdles when scoring decisively at Fairyhouse in November (24.5f, heavy); the second and third have won since; 8lb higher but has to be in the shake-up again."
1.45,John Mulhern Galmoy Hurdle (Grade 2),"45,000",2m71,HEAVY,7,MOZZIES SISTER 60,7,10-10t,2-2212,Alex Harvey,D Queally,Arctic Cosmos,Merryisker,For The Love Of It Syndicate,132,121,158,158,113,158,No,No,"2/1 Staffordshire Knot, 3/1 Rocky's Diamond, 7/2 Gerri Colombe, Home By The Lee, 14/1 Mozzies Sister, 16/1 Franciscan Rock,","Having looked highly progressive when winning this race last year, ROCKY'S DIAMOND has suffered reverses this term. If back on song, he could be hard to beat in a race in which Gordon Elliott sets a puzzle by saddling the in-form Staffordshire Knot and Gerri Colombe, who is bidding to get his career back on track. The veteran Home By The Lee is also a strong contender. [Alan Sweetman]","Consistent four-time winner (two bumpers, two hurdle races); only once out of the first three and that when fourth in a Grade 3 event; kept good company last season; decent form again this term but not in the same league as some of these rivals, including stablemate Rocky's Diamond."
2.20,Langton House Hotel Handicap Hurdle,"10,000",2m,HEAVY,1,JUST FOR ONE 24,5,12-0,-96602,Mr J G Murphy (7),D G Murphy,Affinisea,Medicine Woman,Mrs Geraldine Murphy,100,62,99,99,62,99,No,No,"5/1 Coffeys Forge, King Bob, 15/2 Westoftignes, 8/1 Just For One, 11/1 Bruno From Mars, 12/1 Uncle Gerhard, 14/1 Harty Cup,","A real puzzle but a chance is taken on MICKEY HULIE who wasn't without support on his handicap debut and the application of a tongue-tie might help. King Bob is a big player if he handles the ground, while a market watch is advised for the Robert Tyner-trained pair Harty Cup and Poets Oath. [Adrian Wall]","Couple of okay runs in maidens before tailed off over 2m4f on handicap debut at Cork; career-best when second of 15 in Limerick maiden last month (2m3f, soft to heavy); claims if he can build on that."
2.20,Langton House Hotel Handicap Hurdle,"10,000",2m,HEAVY,2,COFFEYS FORGE 14,10,11-10h,583792,Brian Barry (7),S Aherne,Yeats,Blue Berlais,Sean Aherne,96,,103,103,82,103,No,No,"5/1 Coffeys Forge, King Bob, 15/2 Westoftignes, 8/1 Just For One, 11/1 Bruno From Mars, 12/1 Uncle Gerhard, 14/1 Harty Cup,","A real puzzle but a chance is taken on MICKEY HULIE who wasn't without support on his handicap debut and the application of a tongue-tie might help. King Bob is a big player if he handles the ground, while a market watch is advised for the Robert Tyner-trained pair Harty Cup and Poets Oath. [Adrian Wall]","Point-to-point winner; won beginners' chase for Gordon Elliott last May; 0-16 over hurdles but mistake at the last costly when runner-up at Clonmel a fortnight ago (2m4f, heavy); this trip is on the sharp side."
2.20,Langton House Hotel Handicap Hurdle,"10,000",2m,HEAVY,5,WESTOFTIGNES 67,7,11-8,664094,Kevin Healy (7),A Murray,Westerner,Tara Glory,John McGivney,94,88,103,103,88,103,No,No,"5/1 Coffeys Forge, King Bob, 15/2 Westoftignes, 8/1 Just For One, 11/1 Bruno From Mars, 12/1 Uncle Gerhard, 14/1 Harty Cup,","A real puzzle but a chance is taken on MICKEY HULIE who wasn't without support on his handicap debut and the application of a tongue-tie might help. King Bob is a big player if he handles the ground, while a market watch is advised for the Robert Tyner-trained pair Harty Cup and Poets Oath. [Adrian Wall]","Mild promise in maidens at 20.5f-2m6f; never involved on handicap debut at Punchestown but eyecatching headway to finish fourth of 24 at Navan (2m, heavy); could go well from 1lb lower."
2.20,Langton House Hotel Handicap Hurdle,"10,000",2m,HEAVY,8,MARIE'S MARCH 67,7,11-4h,4P30-P,Darragh O'Keeffe,S J Connell,Lucky Speed,Grangeclare Dancer,Mrs Clare Connell,90,83,99,99,83,99,No,No,"5/1 Coffeys Forge, King Bob, 15/2 Westoftignes, 8/1 Just For One, 11/1 Bruno From Mars, 12/1 Uncle Gerhard, 14/1 Harty Cup,","A real puzzle but a chance is taken on MICKEY HULIE who wasn't without support on his handicap debut and the application of a tongue-tie might help. King Bob is a big player if he handles the ground, while a market watch is advised for the Robert Tyner-trained pair Harty Cup and Poets Oath. [Adrian Wall]",
2.20,Langton House Hotel Handicap Hurdle,"10,000",2m,HEAVY,9,HARTY CUP 24,5,11-3,3-0079,Mark Walsh,R Tyner,Yeats,A Hardy Nailer,John P McManus,89,53,80,80,53,80,No,No,"5/1 Coffeys Forge, King Bob, 15/2 Westoftignes, 8/1 Just For One, 11/1 Bruno From Mars, 12/1 Uncle Gerhard, 14/1 Harty Cup,","A real puzzle but a chance is taken on MICKEY HULIE who wasn't without support on his handicap debut and the application of a tongue-tie might help. King Bob is a big player if he handles the ground, while a market watch is advised for the Robert Tyner-trained pair Harty Cup and Poets Oath. [Adrian Wall]","Placed in a point-to-point last March; well beaten in four maiden hurdles, including behind Just For One at Limerick on latest, but you'd be loath to rule him out for these connections on his handicap debut; watch the betting."
2.20,Langton House Hotel Handicap Hurdle,"10,000",2m,HEAVY,11,SCARLET PURSE 24,7,11-2,096-00,Brian Hayes,J McConnell,French Navy,Persilian,Nineteenth Hole Syndicate,88,22,97,97,22,97,No,No,"5/1 Coffeys Forge, King Bob, 15/2 Westoftignes, 8/1 Just For One, 11/1 Bruno From Mars, 12/1 Uncle Gerhard, 14/1 Harty Cup,","A real puzzle but a chance is taken on MICKEY HULIE who wasn't without support on his handicap debut and the application of a tongue-tie might help. King Bob is a big player if he handles the ground, while a market watch is advised for the Robert Tyner-trained pair Harty Cup and Poets Oath. [Adrian Wall]",Yet to show winning potential; tailed off on return from a break at Clonmel; beaten out of sight at Limerick last month; may need more time.
2.20,Langton House Hotel Handicap Hurdle,"10,000",2m,HEAVY,13,GLENS SENSATION 7,8,11-1t,P08U06,Jack G Gilligan (5),P J Gilligan,Mount Nelson,Glens Melody,Lassie Go Syndicate,87,41,104,104,41,104,No,No,"5/1 Coffeys Forge, King Bob, 15/2 Westoftignes, 8/1 Just For One, 11/1 Bruno From Mars, 12/1 Uncle Gerhard, 14/1 Harty Cup,","A real puzzle but a chance is taken on MICKEY HULIE who wasn't without support on his handicap debut and the application of a tongue-tie might help. King Bob is a big player if he handles the ground, while a market watch is advised for the Robert Tyner-trained pair Harty Cup and Poets Oath. [Adrian Wall]",Point-to-point winner; yet to show signs of winning potential in eight starts over hurdles; difficult to fancy at present.
2.20,Langton House Hotel Handicap Hurdle,"10,000",2m,HEAVY,14,KOOLIO KATE 40,7,11-1h,007-40,Alex Harvey,P Foley,Soldier Of Fortune,Thunder Belle,L P McCormack,87,93,97,97,93,97,No,No,"5/1 Coffeys Forge, King Bob, 15/2 Westoftignes, 8/1 Just For One, 11/1 Bruno From Mars, 12/1 Uncle Gerhard, 14/1 Harty Cup,","A real puzzle but a chance is taken on MICKEY HULIE who wasn't without support on his handicap debut and the application of a tongue-tie might help. King Bob is a big player if he handles the ground, while a market watch is advised for the Robert Tyner-trained pair Harty Cup and Poets Oath. [Adrian Wall]","Minor encouragement in fourth place in Limerick maiden hurdle in November but failed to build on that on handicap debut at Fairyhouse (2m4f, soft) last month."
2.20,Langton House Hotel Handicap Hurdle,"10,000",2m,HEAVY,15,BRUNO FROM MARS 22,7,10-13t,/PP-F4,Michael Kenneally (7),C D Maxwell,Ol' Man River,Emma Jane,Star Alliance Partnership,85,47,100,100,47,100,No,No,"5/1 Coffeys Forge, King Bob, 15/2 Westoftignes, 8/1 Just For One, 11/1 Bruno From Mars, 12/1 Uncle Gerhard, 14/1 Harty Cup,","A real puzzle but a chance is taken on MICKEY HULIE who wasn't without support on his handicap debut and the application of a tongue-tie might help. King Bob is a big player if he handles the ground, while a market watch is advised for the Robert Tyner-trained pair Harty Cup and Poets Oath. [Adrian Wall]","Maiden is 0-7 over hurdles; failed to complete first two handicaps; best effort yet when fourth of 18 at Punchestown (16.5f, yielding) on New Year's Eve but will face more testing conditions here."
2.20,Langton House Hotel Handicap Hurdle,"10,000",2m,HEAVY,16,SIDIRIYA 14,7,10-7h,500770,Simon Torrens,P Rothwell,Nathaniel,Sidra,Oliver Barden,79,76,105,105,76,105,No,No,"5/1 Coffeys Forge, King Bob, 15/2 Westoftignes, 8/1 Just For One, 11/1 Bruno From Mars, 12/1 Uncle Gerhard, 14/1 Harty Cup,","A real puzzle but a chance is taken on MICKEY HULIE who wasn't without support on his handicap debut and the application of a tongue-tie might help. King Bob is a big player if he handles the ground, while a market watch is advised for the Robert Tyner-trained pair Harty Cup and Poets Oath. [Adrian Wall]",Second runner for yard; Flat winner; maiden hurdler; fair effort at Clonmel on penultimate; always in rear there two weeks ago despite going off 9-2; plenty to prove.
2.20,Langton House Hotel Handicap Hurdle,"10,000",2m,HEAVY,17,POETS OATH 27,5,10-6,0070,Phillip Enright,R Tyner,Poet's Word,Dizzy Frizzy,The Big Bamboo Partnership,78,71,90,90,71,90,No,No,"5/1 Coffeys Forge, King Bob, 15/2 Westoftignes, 8/1 Just For One, 11/1 Bruno From Mars, 12/1 Uncle Gerhard, 14/1 Harty Cup,","A real puzzle but a chance is taken on MICKEY HULIE who wasn't without support on his handicap debut and the application of a tongue-tie might help. King Bob is a big player if he handles the ground, while a market watch is advised for the Robert Tyner-trained pair Harty Cup and Poets Oath. [Adrian Wall]",Second runner for yard; big odds when tailed off in all four maiden starts but stable known for improving these types so a close market watch is advised on handicap debut.
2.20,Langton House Hotel Handicap Hurdle,"10,000",2m,HEAVY,18,CHESTERBAYLAD 27,5,10-5,098P09,Shane Markey (7),Ms H Markham,Ribchester,Sea The Sun,Brian A Heaslip,77,90,103,103,68,103,No,No,"5/1 Coffeys Forge, King Bob, 15/2 Westoftignes, 8/1 Just For One, 11/1 Bruno From Mars, 12/1 Uncle Gerhard, 14/1 Harty Cup,","A real puzzle but a chance is taken on MICKEY HULIE who wasn't without support on his handicap debut and the application of a tongue-tie might help. King Bob is a big player if he handles the ground, while a market watch is advised for the Robert Tyner-trained pair Harty Cup and Poets Oath. [Adrian Wall]",Now 0-11 over hurdles and yet to show signs of winning potential; no improvement for softer conditions last couple of outings; hard to make a case for.
2.20,Langton House Hotel Handicap Hurdle,"10,000",2m,HEAVY,20,RAJJNATIN 40,8,10-0t,/U0688,Philip Donovan (3),Miss E McCutcheon,Rajj,Sonic Night,Mrs Francine McCutcheon,72,30,100,100,30,100,No,No,"5/1 Coffeys Forge, King Bob, 15/2 Westoftignes, 8/1 Just For One, 11/1 Bruno From Mars, 12/1 Uncle Gerhard, 14/1 Harty Cup,","A real puzzle but a chance is taken on MICKEY HULIE who wasn't without support on his handicap debut and the application of a tongue-tie might help. King Bob is a big player if he handles the ground, while a market watch is advised for the Robert Tyner-trained pair Harty Cup and Poets Oath. [Adrian Wall]",Punchestown sixth in November was a step in the right direction; improvement not sustained at Clonmel; finished last of the finishers at Fairyhouse on latest.
2.20,Langton House Hotel Handicap Hurdle,"10,000",2m,HEAVY,22,LEJOLICOEUR DU MOU 2,5,11-0,-60U06,,J P Dempsey,Jeu St Eloi,Cendrillon Du Mou,David L'Estrange,86,59,92,92,59,92,No,No,"5/1 Coffeys Forge, King Bob, 15/2 Westoftignes, 8/1 Just For One, 11/1 Bruno From Mars, 12/1 Uncle Gerhard, 14/1 Harty Cup,","A real puzzle but a chance is taken on MICKEY HULIE who wasn't without support on his handicap debut and the application of a tongue-tie might help. King Bob is a big player if he handles the ground, while a market watch is advised for the Robert Tyner-trained pair Harty Cup and Poets Oath. [Adrian Wall]",Second reserve; no sign of worthwhile form in maidens; tailed off on handicap debut at Fairyhouse; never a threat when sixth at Down Royal on Tuesday.
2.55,Daly Farrell Accountants Beginners Chase,"12,500",2m4f,HEAVY,5,HAVEIGOTNEWSFORYOU 615,7,11-12,5/1-,Keith Donoghue,C A Murphy,Milan,Avondhu Lady,John P McManus,,,,12,80,107,No,No,"2/1 Funiculi Funicula, 100/30 King Alexander, 11/2 Soldier In Milan, 6/1 Butch Cassidy, 7/1 The Wallpark, 8/1 C'Est Ta Chance,","Willie Mullins has won this in seven of the last ten seasons. Paul Townend stays loyal to FUNICULI FUNICULA (nap), so there is a good case for believing he can reverse Naas form with King Alexander. There was an excuse for Soldier In Milan on his chasing debut. It is harder to forgive The Wallpark for a series of lapses. [Alan Sweetman]","Absent since a maiden hurdle win over 2m3f at Kilbeggan in May 2024; runner-up Gaucher turned out be far superior to a typical Kilbeggan winner; however, he faces a huge task after such a long layoff."
2.55,Daly Farrell Accountants Beginners Chase,"12,500",2m4f,HEAVY,7,SOLDIER IN MILAN 25,7,11-12,1/1-P,Donagh Meyler,E Mullins,Soldier Of Fortune,Time In Milan,Paul Byrne,,,,12,12,12,No,No,"2/1 Funiculi Funicula, 100/30 King Alexander, 11/2 Soldier In Milan, 6/1 Butch Cassidy, 7/1 The Wallpark, 8/1 C'Est Ta Chance,","Willie Mullins has won this in seven of the last ten seasons. Paul Townend stays loyal to FUNICULI FUNICULA (nap), so there is a good case for believing he can reverse Naas form with King Alexander. There was an excuse for Soldier In Milan on his chasing debut. It is harder to forgive The Wallpark for a series of lapses. [Alan Sweetman]","Won a point-to-point by a wide margin in March 2024; ran out a comfortable winner of a Punchestown bumper 13 months later (2m3f, yielding); clinically abnormal when pulled up at Leopardstown last month on chasing debut; remains promising."
2.55,Daly Farrell Accountants Beginners Chase,"12,500",2m4f,HEAVY,9,RAFFLES DOLCE VITA 53,5,11-6,486-64,J J Slevin,T Gibney,Kapgarde,Raffles Sun,Simon Munir & Isaac Souede,,98,123,123,98,123,No,No,"2/1 Funiculi Funicula, 100/30 King Alexander, 11/2 Soldier In Milan, 6/1 Butch Cassidy, 7/1 The Wallpark, 8/1 C'Est Ta Chance,","Willie Mullins has won this in seven of the last ten seasons. Paul Townend stays loyal to FUNICULI FUNICULA (nap), so there is a good case for believing he can reverse Naas form with King Alexander. There was an excuse for Soldier In Milan on his chasing debut. It is harder to forgive The Wallpark for a series of lapses. [Alan Sweetman]",Winning hurdler in France at three; struggled in two Listed hurdle outings last March; faded into sixth at Naas on Irish/chasing debut; out of his depth in Grade 1 Drinmore on latest.
3.30,"Goffs Thyestes Handicap Chase (Grade 3)                                                                                    €100,000 Total Race",,3m1f,HEAVY,1,HIGH CLASS HERO 61,9,11-12,2123-2,Danny Mullins,W Mullins,Sulamani,Mil Et Une Nui Flo,Sullivan Group Limited & P Crowley & Neill Hughes,152,108,157,157,108,157,No,No,"5/4 Our Trigger, 2/1 Huntin Boots, 3/1 Hygge, 8/1 Infinity Succes, 100/1 Ballygorey Ruby.","A brother to Gaelic Warrior, OUR TRIGGER gets the vote to see off a two-pronged challenge from the Gordon Elliott team. Newcomer Huntin Boots may pose a bigger threat than Hygge, whose form in ""academy"" hurdle races implies limitations. [Alan Sweetman]",Four-time hurdles winner; won a beginners' chase at Punchestown last February; beaten at short odds in a Thurles Grade 3 next time; better effort raised to 3m4f when a fine fourth in the bet365 Gold Cup; good run over an extended 2m5f in a handicap at Punchestown two months ago; return to longer trip should suit; one of the stable's prime candidates
3.30,"Goffs Thyestes Handicap Chase (Grade 3)                                                                                    €100,000 Total Race",,3m1f,HEAVY,4,ANSWER TO KAYF 67,10,11-10,5106-1,John Shinnick (3),,Kayf Tara,Annie's Answer,Denis A O'Connor                                                                      T O'Brien,150,139,154,154,139,154,No,No,"5/4 Our Trigger, 2/1 Huntin Boots, 3/1 Hygge, 8/1 Infinity Succes, 100/1 Ballygorey Ruby.","A brother to Gaelic Warrior, OUR TRIGGER gets the vote to see off a two-pronged challenge from the Gordon Elliott team. Newcomer Huntin Boots may pose a bigger threat than Hygge, whose form in ""academy"" hurdle races implies limitations. [Alan Sweetman]","Got off the mark over fences at the third attempt off 130 at Naas last January (2m4f, soft); failed to make an impact in the Jack Richards at Cheltenham; faded from two out in Punchestown festival handicap over a near-4m trip; produced in fine shape to win the Troytown on reappearance, beating Yeah Man and earning a 9lb hike in the ratings; can remain competitive."
3.30,"Goffs Thyestes Handicap Chase (Grade 3)                                                                                    €100,000 Total Race",,3m1f,HEAVY,6,JORDANS 25,7,11-10,252-85,Phillip Enright,,,,Cheeky Pups Syndicate                                                                 J P O'Brien,150,,162,162,132,162,No,No,"5/4 Our Trigger, 2/1 Huntin Boots, 3/1 Hygge, 8/1 Infinity Succes, 100/1 Ballygorey Ruby.","A brother to Gaelic Warrior, OUR TRIGGER gets the vote to see off a two-pronged challenge from the Gordon Elliott team. Newcomer Huntin Boots may pose a bigger threat than Hygge, whose form in ""academy"" hurdle races implies limitations. [Alan Sweetman]","Twice second in Grade 1 novice events last season, beaten by Impaire Et Passe at Limerick and by Caldwell Potter at Aintree; in between, finished fifth (third-best of the Irish) in a Cheltenham Festival handicap; runs this term have been in handicap hurdles off a much lower mark; caught the eye with a staying-on fifth at Leopardstown; can be rated a lively each-way option."
3.30,"Goffs Thyestes Handicap Chase (Grade 3)                                                                                    €100,000 Total Race",,3m1f,HEAVY,15,SHANBALLY KID 26,9,10-11,90P1-0,Sean O'Keeffe,W Mullins,Presenting,Kalanisi's Lady,Gigginstown House Stud,137,82,157,157,101,157,No,No,"5/4 Our Trigger, 2/1 Huntin Boots, 3/1 Hygge, 8/1 Infinity Succes, 100/1 Ballygorey Ruby.","A brother to Gaelic Warrior, OUR TRIGGER gets the vote to see off a two-pronged challenge from the Gordon Elliott team. Newcomer Huntin Boots may pose a bigger threat than Hygge, whose form in ""academy"" hurdle races implies limitations. [Alan Sweetman]",Finished third in the 2024 Coral Cup at Cheltenham; failed to make any impact in his first five chase starts; step up in trip brought out major improvement when a 15l winner of Punchestown festival handicap over just short of 4m; hit with a 14lb rise; should be sharper than when reappearing in the Paddy Power.
3.30,"Goffs Thyestes Handicap Chase (Grade 3)                                                                                    €100,000 Total Race",,3m1f,HEAVY,16,CONYERS HILL 25,8,10-9h,62-24F,Sean Flanagan,P Nolan,Walk In The Park,Moonlit Bay,Buzzer Racing Syndicate,135,147,163,163,147,163,No,No,"5/4 Our Trigger, 2/1 Huntin Boots, 3/1 Hygge, 8/1 Infinity Succes, 100/1 Ballygorey Ruby.","A brother to Gaelic Warrior, OUR TRIGGER gets the vote to see off a two-pronged challenge from the Gordon Elliott team. Newcomer Huntin Boots may pose a bigger threat than Hygge, whose form in ""academy"" hurdle races implies limitations. [Alan Sweetman]","Two good runs at Cheltenham this season, including fourth in the Paddy Power in November, and a creditable second at Limerick on his seasonal debut the previous month; in the lead but beginning to look vulnerable when falling two out in the Tim Duggan at Limerick on latest."
3.30,"Goffs Thyestes Handicap Chase (Grade 3)                                                                                    €100,000 Total Race",,3m1f,HEAVY,18,BETTER TIMES AHEAD 53,9,10-5,964-11,Mark Walsh,R Tyner,Walk In The Park,Byerley Babe,John P McManus,131,145,157,157,145,157,No,No,"5/4 Our Trigger, 2/1 Huntin Boots, 3/1 Hygge, 8/1 Infinity Succes, 100/1 Ballygorey Ruby.","A brother to Gaelic Warrior, OUR TRIGGER gets the vote to see off a two-pronged challenge from the Gordon Elliott team. Newcomer Huntin Boots may pose a bigger threat than Hygge, whose form in ""academy"" hurdle races implies limitations. [Alan Sweetman]","Runner-up in two handicap chases at around 3m in the spring of 2024; below that level over fences in three chase starts last season; exploited a 14lb lower hurdle mark to win over 3m at Fairyhouse on seasonal debut; made sustained headway from well off the pace to touch off Will Do in the Porterstown at the same venue; 9lb higher, still on a handy weight."
3.30,"Goffs Thyestes Handicap Chase (Grade 3)                                                                                    €100,000 Total Race",,3m1f,HEAVY,19,LONESOME BOATMAN 53,10,10-2p,44-413,Michael Kenneally (7),S J Allen,Jukebox Jury,Nadin,Patrick O'Leary,128,143,155,155,143,155,No,No,"5/4 Our Trigger, 2/1 Huntin Boots, 3/1 Hygge, 8/1 Infinity Succes, 100/1 Ballygorey Ruby.","A brother to Gaelic Warrior, OUR TRIGGER gets the vote to see off a two-pronged challenge from the Gordon Elliott team. Newcomer Huntin Boots may pose a bigger threat than Hygge, whose form in ""academy"" hurdle races implies limitations. [Alan Sweetman]",First reserve; four-time point winner; put in a prominent showing before fading into fourth in a 3m7f handicap at last year's Punchestown festival; made a pleasing start to the season when fourth over 3m at Listowel; relished the extra half-mile when making all to land the 3m4f Cork National; solid run off 9lb higher when third in the Porterstown.
3.30,"Goffs Thyestes Handicap Chase (Grade 3)                                                                                    €100,000 Total Race",,3m1f,HEAVY,20,UNCLE PAT 25,8,10-0,-28462,,W Mullins,Well Chosen,Sher's Adamant,Patrick Corbett & Michael Corbett & J J Corbett &,123,143,156,156,143,156,No,No,"5/4 Our Trigger, 2/1 Huntin Boots, 3/1 Hygge, 8/1 Infinity Succes, 100/1 Ballygorey Ruby.","A brother to Gaelic Warrior, OUR TRIGGER gets the vote to see off a two-pronged challenge from the Gordon Elliott team. Newcomer Huntin Boots may pose a bigger threat than Hygge, whose form in ""academy"" hurdle races implies limitations. [Alan Sweetman]","Second reserve; bumper and maiden hurdle winner; fair form in first three beginners' chases, including fourth in useful 2m6f contest at Listowel; tailed off on testing ground at Navan early last month; much better when chasing home an easy winner on handicap debut at Limerick."
3.30,"Goffs Thyestes Handicap Chase (Grade 3)                                                                                    €100,000 Total Race",,3m1f,HEAVY,4,BALLYGOREY RUBY 13,4,11-3,9,Mr A P Ryan (5),E Sheehy,Schiaparelli,Midnight Gem,Wayne W N Kelly,,,82,82,11,82,No,No,"5/4 Our Trigger, 2/1 Huntin Boots, 3/1 Hygge, 8/1 Infinity Succes, 100/1 Ballygorey Ruby.","A brother to Gaelic Warrior, OUR TRIGGER gets the vote to see off a two-pronged challenge from the Gordon Elliott team. Newcomer Huntin Boots may pose a bigger threat than Hygge, whose form in ""academy"" hurdle races implies limitations. [Alan Sweetman]",Huge price when last of nine at Naas 13 days ago; can be left out of calculations.
